﻿Код НО;Дата регистрации ККТ в НО;Адрес места установки;Регистрационный номер;Модель;Срок окончания действия ФН;Состояние;Заводской номер ККТ;Наименование ОФД;Заводской номер ФН;КПП;ККТ правопредшественника (1-да, 0-нет);ККТ используется при приеме денежных средств при реализации лотерейных билетов;ККТ используется при приеме ставок и выплате денежных средств в виде выигрыша;ККТ используется при осуществлении деятельности банковского платежного агента (субагента);ККТ входит в состав автоматического устройства для расчетов;ККТ используется для расчетов в информационно-телекоммуникационной сети «Интернет»;ККТ используется для развозной и (или) разносной торговли (оказания услуг, выполнения работ);ККТ применяется только при оказании услуг;ККТ используется при осуществлении деятельности платежного агента (субагента);ККТ используется при продаже подакцизных товаров;Наименование места установки ККТ;ККТ используется при осуществлении расчетов за маркированные товары
9965;08.10.2021 12:09:23;620091,РОССИЯ,66,Свердловская область,город Екатеринбург г.о., ,Екатеринбург г, ,Бабушкина ул,,стр. 2,стр. А, , ,;0005891409007507;РР-03Ф;21.01.2023 12:00:00;ККТ зарегистрирована;0646180014002062;Общество с ограниченной ответственностью «Эвотор ОФД»;9960440300685562;720301001;0;2;2;2;2;2;2;2;2;2;620091 г Екатеринбург, ул Бабушкина 2А  аптека;2
9965;21.07.2021 03:47:43;109316,РОССИЯ,77,Г.Москва,муниципальный округ Печатники вн.тер.г., , , ,Волгоградский пр-кт,,д. 42, , , ,;0005676754016107;АТОЛ 42ФС;02.11.2022 12:00:00;ККТ зарегистрирована;00107700002764;Общество с ограниченной ответственностью «Эвотор ОФД»;9289440300772682;720301001;0;2;2;2;1;1;2;2;2;2;https://superapteka.ru;2
9965;16.12.2019 05:39:48;620016,РОССИЯ,66,Свердловская область, ,Екатеринбург г , , ,Академика Сахарова пр-кт элем. улично-дорожн.сети,,д. 107/1 стр, , , ,;0004231087022139;РИТЕЙЛ-01Ф;;ККТ снята с регистрации;0062450012131187;Общество с ограниченной ответственностью «Эвотор ОФД»;9288000100011861;720301001;0;2;2;2;2;2;2;2;2;2;Екатеринбург г, Академика Сахарова пр-кт, 107/1 стр аптека;2
9965;17.12.2019 02:20:50;454052,РОССИЯ,74,Челябинская область, ,Челябинск г , , ,Черкасская ул элем. улично-дорожн.сети,,д. 23, , , ,;0004230774034102;РИТЕЙЛ-01Ф;;ККТ снята с регистрации;0462260012146771;Общество с ограниченной ответственностью «Эвотор ОФД»;9282000100249250;720301001;0;2;2;2;2;2;2;2;2;2;г Челябинск, ул Черкасская, д 23 аптека;2
9965;13.12.2019 02:25:14;625016,РОССИЯ,72,Тюменская область, ,Тюмень г , , ,Пермякова ул элем. улично-дорожн.сети,,д. 62, , , ,;0004211551054313;РИТЕЙЛ-01Ф;;ККТ снята с регистрации;0447320012131134;Общество с ограниченной ответственностью «Эвотор ОФД»;9288000100024706;720301001;0;2;2;2;2;2;2;2;2;2;Тюменская обл, г Тюмень, ул Пермякова, д 62  аптека;2
9965;24.06.2019 10:18:29;625006,РОССИЯ,72,Тюменская область,город Тюмень м.р-н., ,Тюмень г, ,Профсоюзная ул,,д. 1, , , ,;0003468094005323;РИТЕЙЛ-01Ф;28.03.2023 12:00:00;ККТ перерегистрирована;0294320012131136;Общество с ограниченной ответственностью «Эвотор ОФД»;9960440300685512;720301001;0;2;2;2;2;2;2;2;2;2;625006 Тюменская обл, г Тюмень, ул Профсоюзная, д 1 аптека;2
9965;18.06.2019 06:15:28;454028,РОССИЯ,74,Челябинская область,Челябинский г.о.,Советский ,Челябинск г, ,Блюхера ул,,д. 126, , , ,;0002699040016792;РР-03Ф;;ККТ снята с регистрации;0023050014001860;Общество с ограниченной ответственностью «Эвотор ОФД»;9280440300836734;720301001;0;2;2;2;2;2;2;2;2;2;454028 Челябинск, ул Блюхера, д 126 аптека;2
9965;19.06.2019 06:35:21;454028,РОССИЯ,74,Челябинская область,Челябинский г.о.,Советский ,Челябинск г, ,Блюхера ул,,д. 126, , , ,;0002699039052700;РР-03Ф;;ККТ снята с регистрации;0620230014001857;Общество с ограниченной ответственностью «Эвотор ОФД»;9280440300838557;720301001;0;2;2;2;2;2;2;2;2;2;454028 г Челябинск, ул Блюхера, д 126 аптека;2
9965;18.09.2018 01:13:33;454007,РОССИЯ,74,Челябинская область,Челябинский м.р-н.,Тракторозаводский ,Челябинск г, ,Артиллерийская ул,,д. 136, , , ,;0002697770061307;РР-03Ф;;ККТ снята с регистрации;0013610014001851;Общество с ограниченной ответственностью «Эвотор ОФД»;9288000100011945;720301001;0;2;2;2;2;2;2;2;2;2;454007 Челябинск, ул Артиллерийская, д 136 аптека;2
9965;17.09.2018 04:58:20;454052,РОССИЯ,74,Челябинская область, ,Челябинск г , , ,Черкасская ул ,, 23, , , ,;0002696146059476;ШТРИХ-М-02Ф;;ККТ снята с регистрации;0097560008000609;Общество с ограниченной ответственностью «ПЕТЕР-СЕРВИС Спецтехнологии»;9288000100011949;720301001;0;2;2;2;2;2;2;2;2;2;аптека;2
9965;18.09.2018 03:15:19;454016,РОССИЯ,74,Челябинская область,Челябинский м.р-н.,Калининский ,Челябинск г, ,Братьев Кашириных ул,,д. 75, , , ,;0002695982003225;РР-03Ф;;ККТ снята с регистрации;0023980014002161;Общество с ограниченной ответственностью «Эвотор ОФД»;9280440300838287;720301001;0;2;2;2;2;2;2;2;2;2;454016 Челябинск, ул Братьев Кашириных, д 75 аптека;2
9965;17.09.2018 04:31:21;454010,РОССИЯ,74,Челябинская область,Челябинский м.р-н.,Ленинский ,Челябинск г, ,Копейское ш,,д. 64, , , ,;0002695964002983;РР-03Ф;;ККТ снята с регистрации;0492020014001852;Общество с ограниченной ответственностью «Эвотор ОФД»;9280440300837544;720301001;0;2;2;2;2;2;2;2;2;2;4540101 г Челябинск, Копейское шоссе, д 64 аптека;2
9965;16.08.2018 09:13:13;625035,РОССИЯ,72,Тюменская область, ,Тюмень г , , ,Республики ул элем. улично-дорожн.сети,,д. 172, , , ,;0002634691021234;РИТЕЙЛ-01Ф;;ККТ снята с регистрации;0110550012131109;Общество с ограниченной ответственностью «ПЕТЕР-СЕРВИС Спецтехнологии»;9282000100249462;720301001;0;2;2;2;2;2;2;2;2;2;аптека;2
9965;08.08.2018 02:14:56;625035,РОССИЯ,72,Тюменская область, ,Тюмень г , , ,Республики ул ,, 172, , , ,;0002618347029893;РИТЕЙЛ-01Ф;;ККТ снята с регистрации;0444700012131112;Общество с ограниченной ответственностью «Ярус»;9288000100023174;720301001;0;2;2;2;2;2;2;2;2;2;аптека;2
9965;30.05.2018 12:53:05;622049,РОССИЯ,66,Свердловская область,город Нижний Тагил м.р-н., ,Нижний Тагил г, ,Уральский пр-кт,,д. 75, , , ,;0001916098021432;РР-03Ф;;ККТ снята с регистрации;0646180014002062;Общество с ограниченной ответственностью «Эвотор ОФД»;9280440300836604;720301001;0;2;2;2;2;2;2;2;2;2;622049 Свердловская обл, г Нижний Тагил, Уральский пр-кт, д 75 аптека;2
9965;29.05.2018 11:48:53;620016,РОССИЯ,66,Свердловская область, ,Екатеринбург г , , ,Академика Сахарова пр-кт ,, 107/1 стр, , , ,;0001908798064968;ШТРИХ-М-01Ф;;ККТ снята с регистрации;0428340006048082;Общество с ограниченной ответственностью «ПЕТЕР-СЕРВИС Спецтехнологии»;9282000100249135;720301001;0;2;2;2;2;2;2;2;2;2;аптека;2
9965;31.05.2018 06:15:49;620138,РОССИЯ,66,Свердловская область, ,Екатеринбург г , , ,Дублер Сибирского тракта тракт ,, 19/1 стр, , , ,;0001906645017630;ШТРИХ-М-01Ф;;ККТ снята с регистрации;0482810006048079;Общество с ограниченной ответственностью «ПЕТЕР-СЕРВИС Спецтехнологии»;9282000100249145;720301001;0;2;2;2;2;2;2;2;2;2;аптека;2
9965;04.05.2018 10:20:07;628408,РОССИЯ,86,Ханты-Мансийский автономный округ - Югра, ,Сургут г , , ,Югорский тракт элем. улично-дорожн.сети,,д. 2, , , ,;0001813359056467;РР-03Ф;;ККТ снята с регистрации;0474210014001854;Общество с ограниченной ответственностью «Эвотор ОФД»;9282440300697880;720301001;0;2;2;2;2;2;2;2;2;2;аптека в ТЦ;2
9965;04.05.2018 09:18:25;628406,РОССИЯ,86,Ханты-Мансийский автономный округ - Югра, ,Сургут г , , ,30 лет Победы ул элем. улично-дорожн.сети,,д. 74, , , ,;0001813041022581;РР-03Ф;;ККТ снята с регистрации;0019150014001855;Общество с ограниченной ответственностью «Эвотор ОФД»;9282440300697684;720301001;0;2;2;2;2;2;2;2;2;2;аптека;2
9965;14.03.2018 08:47:38;625007,РОССИЯ,72,Тюменская область, ,Тюмень г , , ,Мельникайте ул ,, 135, , , ,;0001701238012122;ШТРИХ-ФР-01Ф;;ККТ снята с регистрации;0529200002043862;Общество с ограниченной ответственностью «ПЕТЕР-СЕРВИС Спецтехнологии»;9288000100011959;720301001;0;2;2;2;2;2;2;2;2;2;аптека;2
9965;01.03.2018 09:38:25;625048,РОССИЯ,72,Тюменская область, ,Тюмень г , , ,Профсоюзная ул элем. улично-дорожн.сети,,д. 1, , ,к. 1 к,;0001685561023711;РР-03Ф;;ККТ снята с регистрации;0243680014002165;Общество с ограниченной ответственностью «Эвотор ОФД»;9282000100249356;720301001;0;2;2;2;2;2;2;2;2;2;аптека;2
9965;;650000,РОССИЯ,42,Кемеровская область - Кузбасс, ,Кемерово г , , ,Ленина пр-кт ,, д 35, , , ,;0001685457028165;РР-03Ф;;Отказ по заявлению;0618310014002160;Общество с ограниченной ответственностью "Ярус";8710000101211272;720301001;0;2;2;2;2;2;2;2;2;2;аптека;
9965;;652057,РОССИЯ,42,Кемеровская область - Кузбасс, ,Юрга г , , ,Волгоградская ул ,, 29, , , ,;0001685452010106;РР-03Ф;;Отказ по заявлению;0260110014002156;Общество с ограниченной ответственностью "Ярус";8710000101213464;720301001;0;2;2;2;2;2;2;2;2;2;аптека;
9965;28.02.2018 02:17:36;625051,РОССИЯ,72,Тюменская область, ,Тюмень г , , ,Прокопия Артамонова ул элем. улично-дорожн.сети,,д. д 9/1, , , ,;0001684353024382;ШТРИХ-ФР-01Ф;;ККТ снята с регистрации НО, ожидается отчет;0093500002018433;Общество с ограниченной ответственностью «Ярус»;8710000101019904;720301001;0;2;2;2;2;2;2;2;2;2;аптека;2
9965;28.02.2018 12:04:45;625053,РОССИЯ,72,Тюменская область, ,Тюмень г г.п., , ,Широтная ул элем. улично-дорожн.сети,,д. 199, , , ,;0001683772020010;РР-03Ф;20.01.2023 12:00:00;ККТ перерегистрирована;0391180014002162;Общество с ограниченной ответственностью «Эвотор ОФД»;9960440300685558;720301001;0;2;2;2;2;2;2;2;2;2;аптека;2
9965;28.02.2018 09:46:09;625048,РОССИЯ,72,Тюменская область, ,Тюмень г , , ,50 лет Октября ул ,, 47, , , 1 сооружение,;0001683011001444;РР-03Ф;;ККТ снята с регистрации НО;0473650014002168;Общество с ограниченной ответственностью «Ярус»;8710000101479868;720301001;0;2;2;2;2;2;2;2;2;2;Аптека;2
9965;27.02.2018 02:59:35;625033,РОССИЯ,72,Тюменская область, ,Тюмень г , , ,Дмитрия Менделеева ул ,, 1, , , ,;0001681774044151;ШТРИХ-ЛАЙТ-01Ф;;ККТ снята с регистрации;0592360007012696;Общество с ограниченной ответственностью «ПЕТЕР-СЕРВИС Спецтехнологии»;9288000100011927;720301001;0;2;2;2;2;2;2;2;2;2;аптека;2
9965;27.02.2018 02:03:20;625007,РОССИЯ,72,Тюменская область, ,Тюмень г , , ,Мельникайте ул элем. улично-дорожн.сети,,д. 139, , , ,;0001681547055508;РР-03Ф;;ККТ снята с регистрации;0257080014001856;Общество с ограниченной ответственностью «Эвотор ОФД»;9282440300697432;720301001;0;2;2;2;2;2;2;2;2;2;аптека;2
9965;27.02.2018 01:18:02;625016,РОССИЯ,72,Тюменская область, ,Тюмень г , , ,Пермякова ул ,, 62, , , ,;0001681388035227;ШТРИХ-ФР-01Ф;;ККТ снята с регистрации;0469200002043869;Общество с ограниченной ответственностью «ПЕТЕР-СЕРВИС Спецтехнологии»;8710000101019005;720301001;0;2;2;2;2;2;2;2;2;2;аптека;2
9965;27.02.2018 11:51:33;625062,РОССИЯ,72,Тюменская область, ,Тюмень г г.п., , ,Дмитрия Менделеева ул элем. улично-дорожн.сети,,д. 1, , , ,;0001681041036172;РР-03Ф;20.01.2023 12:00:00;ККТ перерегистрирована;0490840014002167;Общество с ограниченной ответственностью «Эвотор ОФД»;9960440300685597;720301001;0;2;2;2;2;2;2;2;2;2;Тюменская обл, г Тюмень, ул Дмитрия Менделеева, д 1  аптека;2
9965;27.02.2018 10:03:29;625022,РОССИЯ,72,Тюменская область, ,Тюмень г , , ,Заречный проезд элем. улично-дорожн.сети,,д. 33, , , ,;0001680606044468;РР-03Ф;;ККТ снята с регистрации;0022490014002217;Общество с ограниченной ответственностью «Эвотор ОФД»;9282440300697669;720301001;0;2;2;2;2;2;2;2;2;2;аптека;2
9965;27.02.2018 09:11:04;625016,РОССИЯ,72,Тюменская область, ,Тюмень г , , ,Пермякова ул ,, 62, , , ,;0001680399032319;ШТРИХ-ЛАЙТ-01Ф;;ККТ снята с регистрации;0635660007012694;Общество с ограниченной ответственностью «ПЕТЕР-СЕРВИС Спецтехнологии»;9282000100249388;720301001;0;2;2;2;2;2;2;2;2;2;аптека;2
9965;27.02.2018 08:02:20;625053,РОССИЯ,72,Тюменская область, ,Тюмень г г.п., , ,Широтная ул элем. улично-дорожн.сети,,д. 199, , , ,;0001680147013874;РР-03Ф;20.01.2023 12:00:00;ККТ перерегистрирована;0327510014001858;Общество с ограниченной ответственностью «Эвотор ОФД»;9960440300685509;720301001;0;2;2;2;2;2;2;2;2;2;аптека;2
9965;26.02.2018 02:15:11;625033,РОССИЯ,72,Тюменская область, ,Тюмень г , , ,Дмитрия Менделеева ул ,, 1, , , ,;0001679014007396;ШТРИХ-ЛАЙТ-01Ф;;ККТ снята с регистрации;0303850007012700;Общество с ограниченной ответственностью «ПЕТЕР-СЕРВИС Спецтехнологии»;9282000100249427;720301001;0;2;2;2;2;2;2;2;2;2;аптека;2
9965;26.02.2018 12:49:34;625007,РОССИЯ,72,Тюменская область, ,Тюмень г , , ,Мельникайте ул элем. улично-дорожн.сети,,д. 139, , , ,;0001678720029320;РР-03Ф;;ККТ снята с регистрации;0417960014002169;Общество с ограниченной ответственностью «Эвотор ОФД»;9282000100249169;720301001;0;2;2;2;2;2;2;2;2;2;аптека;2
9965;26.02.2018 10:31:16;625048,РОССИЯ,72,Тюменская область, ,Тюмень г , , ,Профсоюзная ул элем. улично-дорожн.сети,,д. 1, , ,к. 1 к,;0001678215038893;ШТРИХ-МИНИ-01Ф;;ККТ снята с регистрации НО, ожидается отчет;0594530001004871;Общество с ограниченной ответственностью «ПЕТЕР-СЕРВИС Спецтехнологии»;8710000101479870;720301001;0;2;2;2;2;2;2;2;2;2;атпека;2
9965;19.12.2019 02:00:16;625006,РОССИЯ,72,Тюменская область,город Тюмень м.р-н., ,Тюмень г, ,Профсоюзная ул,,д. 1, , , ,;0004237055044110;РИТЕЙЛ-01Ф;01.07.2022 12:00:00;ККТ перерегистрирована;0201660012131133;Общество с ограниченной ответственностью «Эвотор ОФД»;9282440300697308;720301001;0;2;2;2;2;2;2;2;2;2;625006,Тюменская область,г. Тюмень, Профсоюзная д. 1  аптека;2
9965;17.12.2019 02:13:52;620138,РОССИЯ,66,Свердловская область, ,Екатеринбург г , , ,Дублер Сибирского тракта тракт элем. улично-дорожн.сети,,д. 19/1 стр, , , ,;0004230948060372;РИТЕЙЛ-01Ф;;ККТ снята с регистрации;0584840012155086;Общество с ограниченной ответственностью «Эвотор ОФД»;9282000100249137;720301001;0;2;2;2;2;2;2;2;2;2;Екатеринбург г, Дублер Сибирского тракта тракт, 19/1 стр аптека;2
9965;18.09.2018 03:13:25;454106,РОССИЯ,74,Челябинская область, ,Челябинск г , , ,Братьев Кашириных ул ,, 80, , , ,;0002698361040618;ШТРИХ-ЛАЙТ-01Ф;;ККТ снята с регистрации;0103740007000514;Общество с ограниченной ответственностью «ПЕТЕР-СЕРВИС Спецтехнологии»;9288000100011806;720301001;0;2;2;2;2;2;2;2;2;2;аптека;2
9965;31.05.2018 06:14:23;620017,РОССИЯ,66,Свердловская область,город Екатеринбург м.р-н., ,Екатеринбург г, ,Бабушкина ул,,стр. 2, , , ,;0001908360054002;РР-03Ф;10.03.2022 12:00:00;ККТ перерегистрирована;0457270014002213;Общество с ограниченной ответственностью «Эвотор ОФД»;9280440300837461;720301001;0;2;2;2;2;2;2;2;2;2;620017 г Екатеринбург, ул Бабушкина, 2 аптека;2
9965;28.02.2018 01:27:17;625062,РОССИЯ,72,Тюменская область,город Тюмень м.р-н., ,Тюмень г, ,Дмитрия Менделеева ул,,д. 1, , , ,;0001684137036590;РР-03Ф;20.01.2023 12:00:00;ККТ перерегистрирована;0263700014002216;Общество с ограниченной ответственностью «Эвотор ОФД»;9960440300685556;720301001;0;2;2;2;2;2;2;2;2;2;625062 Тюменская обл, г Тюмень, ул Дмитрия Менделеева, д 1 аптека;2
9965;28.02.2018 11:24:24;625019,РОССИЯ,72,Тюменская область, ,Тюмень г , , ,Республики ул ,, 215А, , , ,;0001683586053881;РР-03Ф;;ККТ снята с регистрации НО;0544840014002163;Общество с ограниченной ответственностью «Ярус»;8710000101020267;720301001;0;2;2;2;2;2;2;2;2;2;Аптека;2
9965;;650000,РОССИЯ,42,Кемеровская область - Кузбасс, ,Кемерово г , , ,Ленина пр-кт ,, 39, , , ,;0001685464037217;РР-03Ф;;Отказ по заявлению;0145470014002199;Общество с ограниченной ответственностью "Ярус";8710000101214364;720301001;0;2;2;2;2;2;2;2;2;2;аптека;
